﻿<XtraSerializer version="1.0" application="GridControl">
  <property name="#LayoutVersion" isnull="true" />
  <property name="$GridControl" iskey="true" value="GridControl">
    <property name="Columns" iskey="true" value="2">
      <property name="Item1" isnull="true" iskey="true">
        <property name="VisibleIndex">0</property>
        <property name="Name">idColumn</property>
        <property name="GridRow">0</property>
        <property name="FieldName">ID</property>
        <property name="ActualWidth">NaN</property>
      </property>
      <property name="Item2" isnull="true" iskey="true">
        <property name="VisibleIndex">1</property>
        <property name="Name">nameColumn</property>
        <property name="GridRow">0</property>
        <property name="FieldName">Name</property>
        <property name="ActualWidth">NaN</property>
      </property>
    </property>
    <property name="TotalSummary" iskey="true" value="0" />
    <property name="View" isnull="true" iskey="true">
      <property name="ColumnChooserState" isnull="true" iskey="true">
        <property name="Location">281,33</property>
        <property name="Size">220,250</property>
      </property>
      <property name="FormatConditions" iskey="true" value="0" />
    </property>
    <property name="SortInfo" iskey="true" value="0" />
    <property name="GroupSummary" iskey="true" value="0" />
    <property name="GroupCount">0</property>
    <property name="MRUFilters" iskey="true" value="0" />
    <property name="GroupSummarySortInfo" iskey="true" value="0" />
  </property>
</XtraSerializer>